{"annosolare":{"count":20226.0,"mean":2017.9863541976,"std":0.999931611,"min":2017.0,"25%":2017.0,"50%":2017.0,"75%":2019.0,"max":2019.0},"corso_codice":{"count":20226.0,"mean":5932.6310194799,"std":3735.9207219118,"min":2.0,"25%":962.0,"50%":8406.0,"75%":8835.0,"max":9257.0},"materia_codice":{"count":20226.0,"mean":45385.7947691091,"std":28571.8565153768,"min":6.0,"25%":24544.0,"50%":39209.0,"75%":73273.0,"max":97119.0},"esamisuperati":{"count":20226.0,"mean":34.5119153565,"std":65.0400479949,"min":1.0,"25%":2.0,"50%":12.0,"75%":39.0,"max":1024.0},"t_voti":{"count":20226.0,"mean":918.3747651538,"std":1719.8090478026,"min":18.0,"25%":60.0,"50%":321.0,"75%":1051.75,"max":28031.0},"m_voti":{"count":20226.0,"mean":26.6802630278,"std":2.7550090217,"min":18.0,"25%":25.0,"50%":27.0,"75%":29.0,"max":30.0}}